rank,regex,f1_val,acc_val,f1_tr,acc_tr,score,len,ops,star,plus,qmark,union,groups,tp_val,fp_val,fn_val,tn_val
1,^(?:a|b)*b$,0.7808,0.8212,0.7537,0.8024,0.592821,9,5,1,0,1,1,2,57,0,32,90
2,^b(?:a|b)*$,0.7639,0.8101,0.7611,0.8071,0.578733,9,5,1,0,1,1,2,55,0,34,90
3,^(?:a|b)*$,0.6642,0.4972,0.6667,0.5000,0.448118,8,5,1,0,1,1,2,89,90,0,0
4,^(?:a|b)+$,0.6642,0.4972,0.6667,0.5000,0.448118,8,5,0,1,1,1,2,89,90,0,0
5,^(?:a|b)*ab$,0.5645,0.6983,0.5517,0.6905,0.414826,10,5,1,0,1,1,2,35,0,54,90
